start	end	text
3420	4700	Hallo, hallo
4700	6100	Ja, det ser bra
7540	9100	Nei, men nå vet jeg at det funker
10220	10860	Men
12620	14900	Har du liksom tenkt på sånn
15840	16480	Rekkefølgen
17200	18920	Må jo starte med
18920	19920	Jakob
21260	23260	Altså, jeg vil si at
24960	27080	La meg bare liksom si til
27080	27880	Aien
29440	30280	Så det
31220	32800	Intervjuet med Elisabeth Premisen
32800	34460	Som er min mor, jeg heter Tim Knudsen
34460	36440	Hun ble født i Kenya
36440	38080	Og vi skal
38780	39920	Snakke om
39920	42100	Livet hennes i Kenya
42100	44040	Som et barn, jeg tror ble 8
44040	44900	Er det det? Ja
44900	45940	Og
48520	50240	Det er formatet
50240	52300	Her, og det blir et ustrukturert
52300	53920	Kanskje rotete intervju
53920	54240	Men
55200	58240	Det skal bare skrives ned
58240	59540	Og jobbes med
59540	60780	Bearbeides etterpå
61820	62700	Ok, så
62700	63700	Så jeg har skrevet
63700	65560	Hva du vet om de sentrale personene
65560	66140	Og prosessene
66140	67280	Hørte at jeg har kompannet
67860	68580	Ikke sant?
69240	69560	Det er
69560	70880	Bare begynner der
70880	71580	Er du enig med det?
72700	73260	Ja
73260	73260	
74360	76260	Det er kanskje lurt å begynne med
76260	77360	Hvilket år er født?
78200	78760	Ja, ja
78760	79900	Det er 1954
81520	83540	Ikke tenk på det, tenk om du snakker med meg
83540	84160	Åja
84160	86860	Ja, født i 1954
88040	88760	Av
89560	91560	Jakob Prebensen fra Risør
91560	93640	Og Rosemary Durant
94960	96400	Fra England
98100	100780	Hvorfor ble det Kenya?
101020	102920	Det skal jeg forsøke å si noe om nå
102920	106420	For både når det gjelder begge
106420	109000	Og da vil jeg begynne med Jakob
109000	109860	Som
110640	112580	Ble født i 1916
112580	114240	I Risør
114240	117900	Han hadde vært i dag 110 år gammel
117900	118400	Ja
119320	120080	Han
121660	125240	Vokste opp i en nok så velstående familie i Risør
125240	128560	Den gangen det var skipsfart som var tonangivende
128560	130360	De var skipsredere
130360	131760	Og
131760	135040	Etter hvert så gikk jo det
135920	137040	Ikke så bra
137040	140680	Men i hvert fall så flyttet faren hans til Gjerstad
141560	142820	Dette må jeg si nå
142820	145300	For dette har noe med noe som kommer senere
146060	147360	Hvor han nå tok
147360	149960	Kjøpte en gård som heter Vikård
149960	153440	Basert på en arv som hans kone fikk fra Danmark
153440	155080	Ja, det var det da
155080	158680	Han der var han under krigen
159440	160020	Ja
160020	160900	Og i den
160900	163880	Før krigen så hadde han vært på
165460	166040	Val
166880	168280	Nede i Antarktisk
168280	168620	Og
169520	171840	Og vært på en båt ut fra Sandefjord
172460	172580	Det var beste far
172580	173660	Ja, jeg snakket om Jakob
173660	173900	Ja
173900	174900	Det var
174900	175920	Jeg snakket om Jakob hele tiden
175920	176640	Han fikk Arvin
176640	176980	Ja, ja
177840	179640	Fritz Prebensen het han som
179640	181960	Min bestfar som kjøpte det
181960	182460	Gårdenvik
182460	183320	Ja, ja
183320	184480	Men i hvert fall
184480	185980	Han var på valfangst
185980	187240	Og så kom han hjem
187240	187660	Og
187660	189880	Så var det krig
189880	192640	Jeg vet ikke så mye om hva han gjorde under krigen
192640	196980	Han var kanskje noe involvert i motstandsbevegelsen
196980	197480	Ja
197480	198580	Men ikke mye
198580	201220	Jeg vet noe om det
201220	202380	Eller finnes det noe?
202400	204880	Nei, jeg tror det var et miljø i Gjerstad
204880	209360	Som han kjente til
209360	210600	Men
210600	212280	Det som var
212280	213900	Det som jeg tror
213900	214880	Var at
214880	217400	Det etter hvert kom
217400	219440	Gjennom forbindelser
219440	221120	Blant annet hans kusine
221120	222100	Vesla Koren
222100	223860	Hadde på da
223860	225320	Flyttet ut til Kenya
225320	227420	Sammen med sin mann
227420	228580	Dan Koren
228580	230000	Og det var
230000	231600	Moa vært rundt
231600	232740	6, 7 og før
232740	234180	Altså når krigen var slutt
235580	236340	Da
236340	238480	For å snakke om Kenya da
238480	239920	Som var en britisk koloni
239920	241980	Så var engelskmennene
241980	243780	Spesielt veldig opptatt av
243780	244540	At det kom
244540	246180	Europere ut
246180	247700	For å kjøpe jord der
247700	249480	Og starte farmer og dyrke
249480	251420	Og når det var det
251420	252500	Etter krigen
252500	252820	Ja
252820	255340	Og de hadde delvis holdt på
255340	256500	Før krigen også
256500	259680	Blant annet den Koren-familien
259680	261180	Hadde vært der fra
261180	262180	Før krigen
262900	264620	Så han dan Koren
264620	266260	Reiste ned på grunn av det
266260	267880	Og tok med seg da
267880	269600	Jakobs kusine
269600	271320	Og jeg mener at det er
271960	274460	Gjennom hun at han fikk den ideen
274460	276520	Om å komme seg ut der
276520	279220	Og prøve et liv i
280620	281260	!
281260	284300	Settler-miljøet i Kenya
284300	287060	Men han Koren var
287060	288560	Han kjente kusinen
289240	290380	Han var gift med
290500	290600	Gift med kusinen?
290500	290620	Ja
292600	293600	Det var det
293600	294300	Ok
294300	295400	Og hvor bodde der?
296500	298100	Når Jakob reiste ned
298100	298420	Ja
298420	299060	Ok
299060	301260	Så var det andre navn der
302340	305320	Og da må jeg begynne å snakke om den boka
305320	307680	Som jeg har funnet på Nasjonalbiblioteket
309020	313160	Som heter Nordmenn i det koloniale Kenya
313820	316700	Og som omhandler mye rundt det
316700	322860	Og det her nevnes blant annet et navn som jeg plutselig kom på
322860	324260	Og som min far snakket mye om
325360	326560	Brødrene Kopperud
326560	331500	Det var også en norsk familie som etablerte seg der nede
331500	332700	Stål du om de der?
332920	333100	Ja
333100	333500	Ok
333500	335360	Og koren nevnt
336060	336740	Mye
336740	338100	Og kusinen der?
338420	338600	Ja
340180	341540	Så jeg
341540	346060	Det var nok grunnen til at han reiste ut der
347580	353280	Og for å komme seg vekk ifra Gjerstad
353280	355500	Det hadde han et ro for
356980	357580	Så
357580	362520	Kan vet du noe særlig om hvorfor han ville ikke være der?
362820	366880	Det var en dårlig relasjon mellom han og foreldrene
366880	367240	Ja
368080	369140	Rett og slett
369940	371080	Trebensen i seg selv
371080	372880	Det er nesten et kapittel for seg selv
374020	376100	Trebensfamilien er jo et kapittel for seg selv
376100	380200	Men det var en dårlig relasjon mellom hans far og mor og han
382560	383800	De to og han?
383800	384060	Ja
384060	384400	Ja
384400	387200	Hva med forholdet mellom frits og kona da?
387420	388720	Det vet jeg ingenting om
388720	388800	Nei?
389440	389620	Ok
391140	392820	Og vet han ro for?
393140	393940	Sa han noe om det?
394300	398120	De stilte, ifølge han selv, så stilte de store krav til han
398120	400080	Som ikke han klarte om å fylle
400080	401100	Hvordan krav da?
401700	404960	Han skulle overta gården
404960	405680	De ville at det
406980	407540	Påstå
407540	408960	De ville at han
408960	411220	Skulle gjøre det bra på skolen
411220	414380	Han var en veldig nervøs type allerede den gangen
414380	415120	Har han sagt det selv?
415300	415420	Ja
416340	416920	Ja
416920	417240	Så
417240	418320	Så
419000	419580	Det
420480	421780	Samtidig som han hadde jo
421780	423440	Gøts og eventyrlyst
423440	424660	I og med at han var på
424660	426280	På valfangst
426280	426440	Ja
427660	429400	Og studing og sport
429400	431440	Ja, han hadde det
431440	435800	Men så var han også en veldig, veldig flott mann
435800	436100	Ja
437460	439740	Og det har jeg skjønt
439740	444360	Han hadde veldig høye tanker om seg selv og sitt eget utseende
445440	447000	Det er også noe jeg husker
448620	449900	Og så det
449900	455000	Så han var jo godt rustet kan du si til å komme til Kenya og leve
455000	457500	Hadde han jo kjærester og sånne dager
457500	461080	Han påstod han hadde vært bukseforloga to ganger eller tre ganger i Norge
461080	462140	Før han reiste ut
462140	462880	Hvorforloga?
463540	464140	Bukseforloga
464140	464520	Ok
465120	465720	Ok
465720	466860	Må jeg utprodere det?
467020	467620	Nei
469460	470060	Nei
470060	471080	Forstå
472440	473420	Får jeg en type?
473800	474620	Ja, så det
474620	477900	Det er absolutt ganske fargerik
477900	479420	På sin måte
480860	481460	Så
481460	482880	Så det å komme
482880	485480	Så det tror for han var det en stor opplevelse
485480	486900	Å komme ut i
486900	488180	Det må jo ha vært i
488180	489560	I 47
489560	490820	Tipper jeg
492500	495040	Fordi de gifta seg i 52
495040	498480	Og han sa han hadde vært der i 6-7 år før han traff ho
500060	501220	Rett etter kringen
501220	501500	Ja
502460	507340	Og det var i den perioden mange reiste og bosatt seg der i Kenya
507820	509320	Fordi det var spennende
509320	511100	Det var muligheter
511100	512780	Og det var ikke regulert
513400	513860	Ikke minst
513860	516080	Men det måtte være litt sånn bemidlet
516820	517320	Skjønner du?
517340	520020	Ja, han hadde en agronomutdannelse fra før
520020	522000	Som han hadde tatt her på Holt
522000	523740	Ved Tvedstrand
523740	525360	Så han hadde en bakgrunn
525360	527180	Men de var jo ikke arbeiderende i klasse
527180	527500	Ikke sant?
527980	528220	Nei
528220	529160	Det hadde jo ikke skjedd uten tre
529160	530160	Hva slags økonomi
530160	531380	Han hadde det ane jeg ikke
531380	536040	Men han jobbet jo for
536040	539480	Når han kom ned så jobbet han for Dan Koren
540180	541380	I mange år
541380	541680	Ok
543080	544120	Med kaffe?
544380	545960	Nei, da var det kveg
545960	547080	Ah, ja
547080	548780	Da var det kveg
548780	550480	For Dan Koren hadde kveg
550480	551820	Og vet du hvor det var?
552440	552880	Hvor?
553000	553580	Hvor i Kenya?
553580	556820	Ja, det var i Høylandet
556820	558700	Det var rundt Nairobi-trattene
558700	560940	Og det står det en god del om her
560940	561180	Ok
561180	568000	Og det området hvor de hadde sitt
568600	570200	Det var het Sianda
572040	574800	Så det var der han var
574800	576080	Og så fikk han jo
576080	578420	Så kan han jo lese litt
579120	581300	Disse historiene om det gode liv
581300	582900	Der nede hvor de
582900	584640	I britisk perspektiv
584640	586380	Hvor de var
588320	589640	Mye festing
589640	590980	Mye klubb
590980	593260	De levde et liv på klubbene
593260	594780	Men gjorde de folk da?
594940	596040	De gjorde best for det
596040	597140	Europærene, ja
597140	598320	Og klubb da
598320	599260	Det er jo ikke
599920	601420	Det er jo et møtested
601420	602720	Ja, det er jo ikke en klubb
602720	603400	Så mye moderner
603400	605160	Det var et møtested
605160	606240	Som de etablerte
606240	607660	Explorers-klubb
607660	607940	Ja
609000	611200	Eller Colonial Master-klubb
611200	612980	Og det er det også
612980	614120	Skrevet litt om her
614120	614520	Ja
616740	618860	Så han må jo
620040	620920	Storkose seg
620920	621720	Tenker jeg
621720	622120	Ja
623100	624820	Er det noen bilder og sånt
624820	625320	Fra dette?
625740	627180	Ikke den tiden
627180	628660	Jeg har bilder fra
628660	630360	Etter de gifta seg
630360	631320	Og jeg ble født
631320	632540	Og vi har jo
633300	634440	Alle de filmene
634440	636240	Det jeg snakket med Gry om
636240	637080	Eller med deg
637080	638240	Nei, med Gry
638240	638580	Ja
638580	639660	Gry velgen
639660	640180	Tatt av deg
640180	641800	Men det også har vi fått
641800	642340	Ja
654620	657860	Det vi kan lese
657860	659660	Han hadde jo eventyrlyst
659660	660360	Når han drev med
660360	661500	Det var blåvalg
661500	662080	Det har jeg funnet ut
662080	662880	Han er blåvalg
662880	663080	Takk
663080	663680	Han drev med
663680	663960	Ja
664600	665000	Og
666600	667400	Selvfølgelig eventyrlyst
667400	667820	Og
670300	672160	Behov for å komme seg bort
672160	672880	Ikke sant?
673380	673420	Ja
675340	677420	Så det er det
677420	679260	Jeg kan si om han
679260	679860	Han
681940	682580	Han
683320	685640	Men den nervositeten hans
685640	686800	Det er jo sentralt
686800	687740	Den tror jeg har vært der
687740	688660	Hele tiden
688660	689220	Ja
689220	690280	At hans personlighet
690280	690880	Var sånn
690880	691300	Han var
691300	692700	Han var
692700	694640	Han var en litt engstelig type
694640	695080	Mhm
695080	697100	Men hadde han
697100	697660	Noen sånne her
698580	699540	Trygge voksne
699540	700600	I livet sitt
700600	701120	Liksom
701120	702200	Eller manglet han det?
702220	702500	I Risøl
702500	703120	Ja
703120	703220	Ja
703220	704520	Det var tjenestepikene
704520	705120	Var det det?
705700	705940	Ok
705940	707120	Har han snakket om det?
707280	707420	Ja
708960	709440	Herregud
710440	711360	Det har han
711360	713540	Så det var sånn kjølig forhold til
713540	714200	Ja
714200	714720	Herregud
714720	715020	For
715660	716140	Ja
716680	718660	Det sa han han hadde bedre forhold til
718660	719240	De enn til
719240	720260	Sin egen mor og far
720260	720840	Sprøtt
720840	721360	Ja
721360	721980	Ja
724100	724960	Det var ikke sant
724960	726000	Det er spesielt da
726000	726360	Ja
727000	728500	Så han var preget av det
728500	728880	Ja
730200	730720	Så
733080	733600	Ja
733600	735200	Dvelte mye med det
735200	735760	Ja
735760	736860	Alt for mye
736860	737320	Med det
737320	738660	Det var jo
738660	739600	Før man
739600	740900	Han hadde sikkert trengt
740900	742040	Moderne psykoterapier
742040	742320	Ja
742320	743200	For å
743200	743960	Takle det der
743960	744520	På en god måte
744520	744820	Ja
744820	746240	Han fikk jo den gamle gode
746240	747680	Det der minner meg
747680	748320	Veldig av denne boka
748320	749280	Til han Erik Rundi
749280	750240	Ja
750240	750740	På en måte
752020	752540	Sånn
753700	754220	Sånn
754220	754220	
756040	757080	Som tilhørighet
757720	758240	Liksom
758240	759160	Som han litt
759160	759940	Manglet
759940	760720	Hvem er jeg
760720	761160	Liksom
761160	761400	Og det
761400	763180	Slørte han faren til Erik Rundi
763180	763540	Veldig med om
763540	764400	Siden han var tysk
764940	765460	Ja
766740	768440	Så det er vel han
768440	768980	Tror det
768980	769720	Som jeg kan
769720	770880	Si om han
770880	771260	Mhm
772440	773300	Han var
773300	774300	Altså
774920	776400	Og gammel han har vært da
776400	777460	Når han reiste ut der
777460	779140	Når jeg sier han var født i 1916
779140	780620	Og så reiste han ut der
780620	781760	Da var han 30
781760	782500	Mhm
782500	783720	Ja
783720	784120	31
784120	784980	31
784980	785120	31
785120	785380	Ja
785380	786020	Ja
786020	787180	Den alderen der
787180	788220	Det er kanskje litt greit
788220	789180	Å få det med
789180	789740	Ja
789740	790000	Ja
790000	790740	Og så
791980	792620	Ja
792620	793720	Og var jo unge
793720	794500	Kingen da
794500	795220	Det er jo liksom
795220	795560	Ja
795560	797160	En hel historie for seg selv
797160	797520	Det også
797520	798440	Hvordan det var
798440	798880	Ja
799620	800140	Ja
800140	800480	Ja
800480	801560	Det er interessant
802240	802880	Mhm
802880	805720	Så det han forlote i Norge
805720	806960	Det var jo to søstre
806960	808180	Og den eldste
808180	808460	Minnie
808460	809040	Mhm
809040	810620	Som da var gift med
810620	811080	Pera
811080	812180	Hadde gifta seg med
812180	812920	Pera Adler
812920	814780	Han var jo motstandsmann
814780	815220	Ja
815220	815980	Og satt på Grini
815980	816340	Ja
817440	818920	Den yngste søstra
818920	820400	Og det
820400	821740	Er jo
821740	822860	Enda sprøret
822860	823640	Det er jo at
823640	824360	Hun reiste
824360	825760	To år etterpå ut
825760	826080	Ja
826080	827400	Men hun reiste jo til
827400	828160	Sydafrika
828160	828500	Mhm
828500	830240	Der har vi jo
830240	830840	Hatt familie
830840	831180	Ikke sant
831180	832400	Vi har familie
832400	833080	Har familie
833080	833360	Ja
833360	834440	Som ingen kjenner
834440	834740	Ja
834740	834780	Ja
835980	837960	Vi får jo treff
837960	838660	For det en annen
838660	838840	Eller
838840	839280	Ja
840200	841080	Så hun
841080	842120	Hun reiste nok
842120	842840	Av samme grunn
842840	843340	Ja
844460	844900	Mhm
844900	846600	Så det
847060	848000	De har vi
848000	849460	Ingen forbindelse med
849460	850180	I det hele tatt
851280	851720	Nei
851720	852700	Men det kan jeg jo
852700	853540	Kom tilbake til
853540	854080	Men det er greit
854080	854600	Å si det
854600	855600	At hun reiste ut
855600	856340	Og gifta seg
856340	857080	I Sydafrika
857080	858480	Ja
858480	859320	Mhm
859320	860000	Så
860000	860880	Kult
860880	862240	Så kan vi jo
862240	863320	Gå over på Rose
863320	863600	Ja
863600	865360	Rosemary Darut
865360	865860	Mhm
865860	867440	The famous one
867440	867980	Mhm
867980	868780	Legenden
868780	870360	The legend
870360	871860	Is it alright
871860	872580	That I speak
872580	873480	English sometimes?
874020	874040	Yes
874040	874380	Yes
874380	874740	Ok
877700	878580	Hun
878580	879860	Da
879860	880880	Var da
880880	882200	Født i 1926
882200	885220	Og hadde blitt 100 år nå
885220	886360	23. mars
886360	886720	Mhm
888380	891660	Like gammel som dronning Elisabeth
891660	892180	Nei
892180	893700	Veldig stolt av det
893700	894020	Ja
894020	894620	Var hun
895680	896480	Mhm
896480	898720	Det er jo en
898720	899700	En sterk historie
899700	900780	Med henne
900780	901560	Mhm
901560	903680	Og da kan vi jo
903680	906200	Komme tilbake til den kolonitiden
907740	909340	Til England
909340	910040	Mhm
910040	911320	Fordi
911320	912080	Hun
912080	914580	Var datter av
914580	916320	En
916320	918160	En
918160	919180	Hva skal jeg si
921160	922120	Britisk
922120	923160	Yrkesmilitær
923160	924240	Yrkesmilitær
924240	924420	Ja
924420	925260	Ja
925260	926120	Oberst
926120	926420	Ikke sant
926420	927380	Han ble det
927380	927980	Sein
927980	928360	Sein
928360	929120	Mye senere
929120	930460	Han var ikke det den gangen
930460	930560	Ja
930560	933100	Men han var yrkesmilitær
933100	933700	Og
933700	934120	Og
934120	936980	Var operert i India
936980	938100	Mhm
938100	938760	Mest
938760	939300	Mhm
939300	942560	Han deltok i begge verdenskrigene
942560	943100	Ja
944860	945760	Så
945760	948420	Og det vet man mye om gjennom
948420	949220	Chris og
949220	949520	Ja
949520	949620	Ja
950220	950240	Ja
951400	951580	Ja
951580	952120	Ja
952120	952260	Så
952260	953100	Så hun
953100	953780	Men i hvert fall
953780	954580	Født i
954580	954640	I
954640	955220	I
955220	955500	26
956580	959060	Og han tror jeg var født i
961240	961800	!
961800	965620	1896
965620	965800	Mhm
965800	969400	Så han var ikke så gammel når han ble far
969400	974960	Og gifta seg med Catherine
974960	975460	Åben
975460	975640	Ja
975640	976640	Haltskotsk
976640	978680	Hvis ikke hun var helskottet
976640	977860	Det er jeg litt usikker på
977860	978720	Mhm
978680	978680	
979340	979940	Og
980620	981880	De fikk rose
981880	983020	Vet du hvor de vettes
983020	983700	Hvor de vettes
983700	984120	Hvor de vettes
984120	984420	Nei
984420	984920	Nei
984920	985040	Mhm
985660	987380	Det som skjedde
987380	989360	Som var svært sjeldent den gangen
989360	990040	Var at
990040	991680	De skilte seg
991680	992420	Når hun var
993620	994760	4-5 år
994760	995060	Mhm
995060	997020	Det var noe man ikke gjorde
997020	997460	Mhm
998540	999140	Og
999140	1000700	Og det var som regel
1000700	1002820	Det var i hvert fall to grunner til skilsmessighet
1002820	1004180	Som var lovlig den gangen
1004180	1005240	Det var utroskap
1005240	1005780	Og det var
1007940	1010940	Jeg tror det må ha vært vold eller
1010940	1011240	Ja
1011240	1012480	Og jeg tror
1012480	1013880	Jeg mener at
1014500	1016160	Vår slekt i Australia
1016160	1016900	Har gravd i det
1016900	1018080	Og påstår at det var
1018080	1020440	At det på stort på det papiret utroskap
1020440	1021180	Er det sant?
1021620	1021720	Ja
1021720	1023080	Men det kan være
1023080	1026620	Den offisielle grunnen for at den skilsmissen skulle gå hjem
1026620	1027520	Ja, selvfølgelig
1028400	1029400	De måtte ha
1029400	1031420	Men noe må det ha vært da
1031420	1031780	Ja
1031780	1033700	De passer ikke sammen
1033700	1034800	Nei
1034800	1035320	I følge
1035320	1036700	De bare kraner
1036700	1038660	Det kan godt være at han var utro
1038660	1039060	Ja
1039060	1041180	Det er det jo ingen som vet da
1041180	1041700	Nei
1041700	1041980	Nei
1041980	1044000	Han var jo en skikkelig lady man
1044000	1044440	Ja
1044440	1044840	Han
1044840	1045200	Ja
1045200	1046260	Så
1046920	1048700	Og hun vet jo litt om det
1049280	1050660	Ingenting om den familien
1050660	1051000	Nei
1051000	1051760	Veldig lite
1051760	1053420	Men bestemål hadde litt kontakt med din
1053420	1053840	Er det?
1054040	1054340	Ja
1054340	1055140	Altså vi
1055140	1056000	Ja, det hadde hun
1056640	1057200	Ja
1057200	1058260	Absolutt
1058260	1061720	I hvert fall så ble de skilt
1061720	1066140	Og så kom hun på skole som 6-7åring
1067560	1070280	I Wales tror jeg den skolen var
1070280	1072960	Og den var faktisk drevet av
1072960	1076040	Jeg tror de må være Jehovas vittne
1076040	1078180	Fordi at den familien var Jehovas vittne
1078180	1078760	Ok
1078760	1080000	Var det det?
1080220	1080480	Ja
1080480	1080700	Ja
1080700	1081600	Ja
1081600	1081800	Ja
1081800	1081940	Oi
1082640	1082700	Så
1084160	1085580	Men det har ikke hun sagt
1085580	1085820	Det
1085820	1086960	Hun fortalte jo litt
1086960	1097340	Og det endte jo opp med at hun ble en unge som gikk på korsskole helt fra hun var 6-7 år til hun var 17
1099580	1100180	!
1100180	1102000	Og da var jo krigen brutt ut
1102000	1102000	
1110700	1111640	Det var det eneste feriet
1112580	1115160	Veldig mye bodde hos sin bestemor på mors sida
1115160	1115500	Ja
1115500	1117120	Snakket varmt om hun
1117120	1117440	Ja
1118240	1119320	I Skottland?
1119480	1120980	Nei, det vet jeg ikke hvor
1121640	1122200	Nei
1122200	1122200	
1122200	1123440	Men det
1123440	1125380	Hun hadde jo ikke noe hjem
1125380	1126520	Å komme til
1126520	1127280	Nei
1127280	1128820	Og han var ute i kolonien
1128820	1129180	Ja
1130620	1131680	Ja, i India
1131680	1132000	India
1132000	1133840	Men ikke med noe dame da?
1134260	1136580	Nei, han må ha truffet henne
1136580	1139980	Hans nye kone tror jeg han traff ut i India
1139980	1140520	Ja
1142320	1143360	Så det
1143360	1147480	Og det gjorde jo også Kathleen
1147480	1150280	Hun traff også en ny mann ute i India
1150280	1151100	Ja, jeg skjønner
1151100	1152400	Som het Reggie
1152400	1153040	Ja
1153880	1155580	Så hun fikk en stefar
1155580	1156120	Ja
1156120	1157880	Hun, de har vi hatt kontakt med?
1158180	1160040	Ja, jeg har hatt kontakt med de
1160800	1163360	Så hun fikk en stefar først
1163360	1168340	Og det husker jeg hun fortalte at hun ble hentet ut av skolen
1168340	1173540	Og var på en reise i India rundt med de
1173540	1175620	Ja, i Afghanistan
1175620	1176500	Ja
1176500	1176820	Ja
1176820	1176940	Ja
1176940	1176940	
1176940	1176940	
1176940	1177220	Ja
1177220	1177240	Ja
1177240	1177440	Ja
1177440	1177440	
1177440	1177440	
1177440	1177440	
1177440	1177440	
1177440	1177440	
1177440	1177760	Ja
1177760	1177840	Ja
1177840	1177840	
1177840	1177840	
1177840	1177840	
1177840	1177840	
1177840	1177840	
1178620	1179240	Ja
1179240	1179260	Ja
1179260	1179260	
1179260	1179340	Ja
1179340	1179340	
1179340	1179340	
1179340	1179340	
1179340	1179340	
1179340	1179640	Ja
1179640	1179640	
1179640	1179640	
1179640	1179640	
1179640	1179640	
1179640	1179640	
1179640	1179660	Ja
1179660	1179660	
1179660	1179660	
1179660	1179660	
1179660	1180040	Ja
1180040	1180040	
1180040	1180040	
1180040	1180040	
1180040	1180040	
1180040	1180040	
1180040	1180660	Ja
1180660	1180660	
1180660	1180680	Ja
1180680	1180680	
1180680	1180680	
1180680	1180680	
1180680	1180680	
1180680	1180760	Ja
1180760	1180760	
1180760	1180760	
1182120	1182740	!
1178900	1178900	
1178900	1178900	
1178900	1179400	!
1179400	1178900	!
1178900	1179400	!
1179400	1178900	!
1178900	1179400	!
1179400	1178900	!
1178900	1179400	!
1179400	1179900	!
1179900	1178900	!
1178900	1179900	!
1182740	1183160	!
1187460	1187760	Ja
1187760	1187760	
1187760	1187760	
1187760	1187760	
1187760	1187760	
1187760	1187760	
1187760	1187760	
1187760	1187760	
1187760	1187760	
1187760	1187760	
1187760	1187760	
1187760	1187760	
1187760	1187760	
1187760	1187760	
1187760	1187760	
1187760	1187760	
1187760	1187760	
1187760	1187760	
1187760	1187760	
1187760	1187760	
1187760	1187760	
1187760	1187760	
1187760	1187760	
1187760	1188160	Ja
1188160	1188160	
1188160	1188320	Ja
1188320	1188320	
1188320	1188360	Ja
1188360	1188360	
1188360	1188360	
1188360	1188360	
1188360	1188460	Ja
1193880	1194180	Ja
1194820	1195120	Ja
1195120	1195120	
1195120	1195120	
1195120	1195180	Ja
1195180	1195260	Ja
1195260	1195300	Ja
1195300	1195300	
1195300	1195340	Ja
1195340	1195340	
1196460	1196760	Ja
1196760	1196900	Ja
1196900	1196900	
1199260	1199720	Ja
1199720	1199720	
1199720	1199720	
1199720	1199720	
1199720	1199720	
1199720	1199800	Ja
1199800	1200080	Ja
1202700	1203160	Ja
1203160	1203300	Ja
1203300	1203540	Ja
1203540	1203540	
1204200	1204660	Ja
1204660	1204740	Ja
1204740	1205260	Ja
1205260	1205360	Ja
1205360	1205360	
1205360	1205360	
1205360	1205460	Ja
1206180	1206640	Ja
1208500	1208960	Ja
1210700	1211160	Ja
1211160	1211160	
1211160	1211380	Ja
1211380	1211380	
1211380	1212080	Ja
1212080	1212080	
1212080	1212080	
1212080	1212200	Ja
1212200	1212220	Ja
1213940	1214400	Ja
1214400	1214400	
1214400	1214400	
1215980	1216440	Ja
1216440	1216520	Ja
1216520	1216520	
1216520	1216520	
1216520	1216620	Ja
1216620	1216620	
1216620	1217340	Ja
1218080	1218540	Ja
1218540	1219260	Ja
1219900	1220360	Ja
1220360	1220360	
1220360	1220400	Ja
1220400	1220400	
1220400	1220620	Ja
1220620	1220620	
1220620	1220680	Ja
1205960	1205960	
1205960	1205960	
1205960	1205960	
1205960	1205960	
1205960	1205960	
1205960	1205960	
1205960	1205960	
1205960	1205960	
1205960	1205960	
1205960	1205960	
1205960	1205960	
1205960	1205960	
1205960	1205960	
1205960	1205960	
1205960	1205960	
1205960	1205960	
1205960	1205960	
1205960	1205960	
1205960	1205960	
1205960	1205960	
1205960	1205960	
1205960	1205960	
1205960	1205960	
1205960	1205960	
1205960	1205960	
1205960	1205960	
1227260	1227420	Ja
1227420	1227620	Ja
1227840	1228000	Ja
1228000	1228020	Ja
1228020	1228060	Ja
1228060	1228140	Ja
1228140	1228200	Ja
1228200	1228400	Ja
1228400	1228400	
1228400	1228420	Ja
1228420	1228420	
1228420	1228500	Ja
1229440	1229600	Ja
1229600	1229860	Ja
1229860	1229960	Ja
1229960	1230020	Ja
1230020	1230060	Ja
1230700	1230860	Ja
1230860	1230860	
1232240	1232400	Ja
1232400	1232640	Ja
1232640	1232680	Ja
1232680	1232740	Ja
1232740	1232740	
1232740	1232820	Ja
1232820	1232980	Ja
1232980	1232980	
1233300	1233460	Ja
1233460	1233520	Ja
1233520	1233540	Ja
1234900	1235060	Ja
1235060	1235060	
1235060	1235060	
1235600	1235760	Ja
1235760	1235760	
1235760	1235760	
1235760	1235920	Ja
1235920	1235920	
1236340	1236500	Ja
1236500	1236600	Ja
1236600	1236680	Ja
1236680	1236700	Ja
1236700	1236780	Ja
1236780	1236820	Ja
1236820	1236820	
1236820	1236940	Ja
1236940	1236940	
1236940	1236940	
1238520	1238520	
1238520	1238520	
1235960	1235960	
1235960	1235960	
1235960	1235960	
1235960	1235960	
1235960	1235960	
1235960	1235960	
1235960	1235960	
1235960	1235960	
1235960	1235960	
1235960	1235960	
1235960	1235960	
1235960	1235960	
1235960	1235960	
1235960	1235960	
1235960	1235960	
1235960	1235960	
1235960	1235960	
1235960	1235960	
1235960	1235960	
1235960	1235960	
1235960	1235960	
1235960	1235960	
1235960	1235960	
1235960	1235960	
1258840	1259000	Ja
1259000	1259000	
1259000	1259000	
1259000	1259060	Ja
1259060	1259060	
1259060	1259060	
1259060	1259060	
1259060	1259060	
1259820	1259980	Ja
1259980	1259980	
1259980	1259980	
1259980	1260220	Ja
1260220	1260260	Ja
1260260	1260320	Ja
1260320	1260440	Ja
1260440	1260560	Ja
1260560	1260600	Ja
1260600	1260660	Ja
1260660	1260660	
1260660	1260740	Ja
1260740	1260820	Ja
1262300	1262460	Ja
1262460	1262540	Ja
1262540	1262580	Ja
1262580	1262660	Ja
1263460	1263620	Ja
1263620	1263620	
1263620	1263620	
1263620	1263700	Ja
1263700	1263880	Ja
1263880	1264000	Ja
1265520	1265680	Ja
1265680	1265700	Ja
1265700	1265700	
1265700	1265700	
1265700	1265700	
1265720	1265720	
1265720	1265980	Ja
1265960	1265960	
1265960	1265960	
1265960	1265960	
1265960	1265960	
1265960	1265960	
1265960	1265960	
1265960	1265960	
1265960	1265960	
1265960	1265960	
1265960	1265960	
1265960	1265960	
1265960	1265960	
1265960	1265960	
1265960	1265960	
1265960	1265960	
1265960	1265960	
1265960	1265960	
1265960	1265960	
1265960	1265960	
1265960	1265960	
1265960	1265960	
1265960	1265960	
1265960	1265960	
1265960	1265960	
1265960	1265960	
1265960	1265960	
1265960	1265960	
1265960	1265960	
1265960	1265960	
1265960	1265960	
1265960	1265960	
1265960	1265960	
1265960	1265960	
1265960	1265960	
1265960	1265960	
1265960	1265960	
1286900	1287280	Ja
1288280	1288940	Ja
1288940	1288960	Ja
1289920	1289940	Ja
1289940	1289940	
1289940	1289940	
1289940	1289940	
1289940	1289940	
1289940	1289940	
1289940	1289940	
1289940	1289940	
1289940	1290180	Ja
1300640	1301300	Ja
1301300	1301680	Ja
1301680	1301680	
1301680	1301760	Ja
1301760	1301860	Ja
1301860	1302300	Ja
1302300	1302300	
1302300	1302300	
1302300	1303340	Ja
1303340	1303340	
1304260	1304920	Ja
1304920	1305320	Ja
1305320	1305720	Ja
1305720	1305720	
1305720	1305720	
1305720	1306800	Ja
1306800	1306800	
1306800	1306800	
1307540	1308200	Ja
1308200	1308420	Ja
1308420	1308420	
1308420	1308580	Ja
1308580	1308580	
1308580	1308640	Ja
1308640	1308640	
1308640	1308640	
1308640	1308640	
1308640	1308640	
1308640	1308660	Ja
1308660	1308660	
1308660	1308660	
1308660	1308660	
1308660	1308660	
1308660	1308660	
1308660	1308660	
1308660	1308660	
1308660	1308660	
1308660	1308660	
1308660	1308660	
1308660	1308660	
1308660	1308660	
1308660	1308660	
1308660	1308660	
1308660	1308660	
1308660	1308660	
1308660	1308660	
1308660	1308740	Ja
1308740	1308740	
1308740	1308740	
1308740	1308740	
1308740	1308740	
1308740	1308740	
1308740	1309060	Ja
1309060	1309060	
1309060	1309060	
1309060	1309140	Ja
1309140	1309140	
1309140	1309260	Ja
1309260	1309260	
1309260	1309320	Ja
1309320	1309320	
1309320	1309660	Ja
1316900	1317260	Slutt
1317260	1317900	Det er jo
1317900	1321420	Det at først må vi jo kanskje snakke om den krig
1321460	1323340	! Hva gjorde under krigen?
1323340	1326300	Vil du ha det med?
1326300	1326420	Ja
1326420	1329720	Ja du kan sette opp de store linjene og så
1331120	1331560	!
1331560	1336000	Ha det og så kan jo det være en egen ting etter hvert tenker jeg
1336000	1338120	Fordi det har jeg jo litt lyst til å grave litt i
1338120	1338140	! Ja
1338140	1338320	Ja
1338320	1339600	Men det trenger jeg ikke gjøre det nå
1339600	1343620	Ok men jeg kan bare ta det nå i det løpet
1343620	1343840	Ja
1343840	1344820	Fordi når
1344820	1345140	Altså jeg vet ikke
1345140	1347340	Hun slutta på skolen
1348720	1351580	Nei nå vet jeg hvorfor skolen var i Wales
1351580	1352600	Den
1352600	1354160	Jeg vet ikke hvor den var opprinnelig
1354160	1356280	Men den ble evakuert til Wales
1356280	1357020	Ja
1357020	1357880	Skjønner
1357880	1358080	Ja
1358080	1359640	Fordi det var en helvete som en bomby
1359640	1360380	Fordi
1360380	1360720	Ja
1360720	1362680	Det må det være
1362680	1365800	Og at hun avslutta skolen under krigen
1365800	1366060	Ja
1366060	1368060	Og verva seg direkte
1368060	1368460	Ja
1368460	1368980	I
1368980	1370820	The Rennes
1370820	1371100	Ja
1372740	1374380	Women's at Royal
1375700	1376640	Navy Service
1376640	1377640	Noe sånt
1377640	1377880	Mhm
1378740	1379920	Og der
1379920	1381060	Og det er jo det vi
1381700	1383160	Etter hvert fant ut
1383160	1385020	Ved hjelp av de i Australia
1385020	1385600	Mhm
1385600	1387220	Så fant vi jo ut
1388020	1389740	Etter mange mange år
1389740	1390680	Og etter å dø
1390680	1392820	Hva hun egentlig drev med
1392820	1393220	Mhm
1393220	1394080	Under krigen
1394080	1395580	For det var de veldig norskjerrige på
1395580	1396000	Mhm
1396000	1397600	Og de kunne
1397600	1399220	Og de brukte meg som redskap
1399220	1399740	For jeg var
1399740	1401120	Hennes eldste
1401120	1401560	Mhm
1401560	1403440	Og var den eneste som kunne ta ut
1404420	1405080	Hennes
1405080	1406320	AMI
1406320	1406740	Ja
1406740	1407520	Eller hennes
1407520	1408720	Record
1408720	1409180	Ja
1409180	1410100	Military record
1410100	1410720	Men
1410720	1410860	Men
1412550	1413750	Hvor gammel
1413750	1415210	Var hun
1415210	1416430	Når hun vervet seg
1416430	1416970	Det var
1416970	1418570	Hun har vært 17-18 år
1418570	1418790	Ja
1418790	1419730	Og det var i 44
1419730	1420310	Ikke sant
1420310	1420750	Sånn
1421270	1421450	Ja
1421450	1422170	Jeg tror det var
1422170	1422930	Jeg har lest i
1422930	1423730	Records
1423730	1424090	Ja
1424930	1425750	Sånn at
1425750	1426290	Mhm
1426290	1428230	Og det vi etter hvert forstod
1428230	1429330	At hun var
1429330	1431510	Hun vil jo aldri fortelle
1431510	1432390	Hva hun egentlig gjorde
1432390	1433010	Under krigen
1433010	1433710	Nei
1433710	1434390	Det fikk vi jo
1434390	1436650	Da var hun veldig kryptiske
1436650	1438370	I svarene sine bestandig
1438370	1438750	Mhm
1438750	1439950	Og da svarte hun alltid
1439950	1440450	Liksom nei
1440450	1441410	Hun drev litt sånn
1442030	1443210	Hun var et ledd inn
1443210	1443810	Og kodet
1443810	1445390	Og opplegg
1445390	1448030	Men hvor godt husker du det
1448030	1448910	Egentlig
1448910	1449950	At vi spørte hun
1449950	1450250	Ja
1450250	1450710	Ja
1451290	1451310	Fordi
1451850	1452910	Det gjorde vi
1452910	1453470	Jeg vet
1453470	1453830	Men
1454510	1455850	Og det kan være
1455850	1457470	Adlerfamilien som har spurt
1457470	1458190	For eksempel
1458190	1458850	Eller andre
1458850	1459170	Ja
1459170	1460210	Og så svarte hun
1460210	1461650	Men du vet jo hvorfor
1461650	1462530	Ja
1462530	1463950	For hvor vi ikke visste det selv
1463950	1464690	Ja
1465330	1466050	Ikke sant
1466050	1466310	Ja
1466310	1466750	Du visste ikke
1466750	1467290	Nei
1467290	1468930	Det var ingen som visste det
1468930	1469930	Etter å dø
1469930	1470610	Nei
1470610	1471610	Så kom det fulle
1471610	1471970	Ja
1471970	1472630	Ikke sant
1472630	1474770	Hun visste ikke egentlig hva hun drev med
1474770	1475790	Hun visste jo hva hun gjorde
1475790	1476530	Men hun visste ikke
1476530	1477590	The scope
1477590	1478210	Nei
1478210	1479350	Og hvor viktig det var
1479350	1479970	Og det var jo kluet
1479970	1480510	Ja ja
1480510	1481770	Det var jo helt
1481770	1483630	Hun bare gjorde en jobb liksom
1483630	1484070	Ja
1484070	1485550	Som hun skjønte var
1485550	1485770	Ja
1485770	1486650	Viktig
1486650	1487230	Men at
1488750	1490510	At de hadde
1491670	1492610	Krakka enigma
1492610	1494630	Og brukte det aktivt i krigen
1494630	1495630	I flere år liksom
1495630	1496690	Det hadde ikke de penger på
1496690	1497070	Nei nei
1497070	1497510	Så
1497950	1498350	Ja
1498350	1499370	Men da kan vi jo
1499370	1500230	Da har vi jo røpet
1500230	1502170	At hun var en del av enigma
1502630	1503030	Mhm
1503510	1505410	Og det var det hun egentlig holdt på med
1505410	1505890	Mhm
1506490	1508190	Og at hennes navn nå
1509210	1509610	Står
1510990	1511390	I
1511390	1512070	Bletchley Park
1512070	1513050	I Bletchley Park
1513050	1513410	I England
1513410	1515010	Så dette kan vi jo ikke si
1515010	1516290	Vi behøver ikke si så mye med
1516290	1517290	Det eneste var at hun
1517290	1518110	Holdt på
1519210	1519610	I
1519610	1519710	I
1519710	1520370	I
1520370	1520370	
1520370	1520390	I
1520390	1520430	I
1520430	1520430	
1520430	1520430	
1520430	1520950	I
1520950	1521090	I
1521090	1521090	
1521090	1521150	I
1521150	1521150	
1521150	1521230	I
1521230	1521290	I
1521290	1521290	
1521290	1521290	
1521290	1521350	I
1521350	1521350	
1521350	1521350	
1521350	1521390	I
1521390	1521390	
1521390	1521410	I
1521410	1521590	I
1521590	1521590	
1521590	1521590	
1521590	1521590	
1521590	1521650	I
1523050	1523450	I
1523450	1525870	I
1554110	1555130	Da var hun bare
1555130	1556570	Da var hun i 20-årene
1556570	1557690	Tidlig i 20-årene
1557690	1557970	Mhm
1558570	1559530	Og jobba
1560090	1561610	Blant annet for noe som heter
1561610	1563130	British Color Council
1563130	1563530	Ja
1563530	1563650	Ja
1563650	1564630	Det husker jeg jo sånn
1564630	1565590	Jeg var veldig stolt da
1565590	1565930	Ja
1568130	1568610	Og
1568610	1568770	Og
1568770	1569670	Og lært
1570250	1570890	Hadde en
1570890	1571210	En
1572390	1574130	Utviklet en fargesans der
1574130	1574490	Mhm
1574490	1575790	Hun var veldig god med farger
1575790	1577010	Hun var god til å tegne
1577010	1577390	Mhm
1578930	1580130	Veldig god til å tegne
1580130	1580870	Blant annet
1580870	1581350	Ja
1581350	1583410	Hun måtte føle seg i en rekke da
1583410	1583610	Ja
1583610	1584230	Det er litt køy
1585170	1585750	Så
1586430	1590690	Må han jo fortelle at den godeste Oliver Dahlund da
1591750	1592330	I
1593070	1593650	45
1595770	1597550	Må jo vært før selvfølgelig
1598530	1599630	Da hadde han
1599630	1601330	Og han var fortsatt i India
1601330	1601850	Mhm
1602670	1604470	Hadde da gifta seg med
1604470	1605450	Cynthia
1605450	1606470	Ja
1607670	1608830	Hennes stemor
1608830	1609150	Mhm
1609150	1611310	Som hun aldri hadde sett
1612750	1614630	Og der fikk de Christopher
1614630	1615250	Ja
1615250	1615890	I 45
1615890	1616690	I India
1616690	1617070	Mhm
1617070	1618490	Rett etter det
1618490	1620310	Flyttet de til Kenya
1620310	1620750	Mhm
1620750	1624170	Så da var han bosatt etter krigen i Kenya
1624170	1624750	Mhm
1624750	1627890	Og han må jo ha et en eller annen jobb
1627890	1629590	Knyttet til militæret
1629590	1631570	Det sier sikkert Chris nå
1631570	1633650	Vi bør ikke noe om hvis det er relevant
1633650	1634130	Mhm
1634130	1635070	Hvis ikke så
1635070	1637050	Men i hvert fall så var han der
1637050	1637470	Mhm
1637470	1638850	Og så fikk hun brev
1639470	1641510	I 1952
1641510	1642590	Fra Cynthia
1643430	1646090	Som ba hun komme ut på en ferie
1646090	1647230	I 1952?
1647550	1647770	Ja
1647770	1648330	Ja
1648330	1650750	Så så jeg ikke faren sin på veldig lenge
1650750	1651850	Nei
1651850	1653630	Det gikk lenge mellom hver gang
1653630	1653910	Ja
1653910	1655510	Men de skrev jo brev hele tiden
1655510	1655870	Ja
1655870	1656010	Ja
1656010	1656550	Selvfølgelig
1656550	1656990	Hun skrev
1656990	1657650	Skrev sted eller
1657650	1658710	Brev?
1658850	1659370	Nei
1659370	1660070	Nei
1660070	1662110	Men det står jo i de dagbøkene
1662110	1664090	At hun skrev brev hele tiden
1664090	1664470	Ja
1664470	1664550	Ja
1664550	1665690	Voldsomt å skrive brev
1665690	1665990	Ja
1665990	1666010	Ja
1666010	1666010	
1666810	1668210	Så de skrev
1668210	1670530	Så Cynthia skrev til hun
1670530	1672190	Og ba hun komme ut
1672190	1675010	Så bestemål tok ikke med de brev fra Kenya?
1675330	1675730	Nei
1675730	1676050	Nei
1676050	1677190	For det ble så mye å døste
1677970	1678450	Ja
1678450	1678550	Ja
1679190	1679450	Ja
1679450	1680370	Ja
1680370	1680550	Ja
1680550	1681490	Ja
1681490	1681570	Ja
1681570	1681570	
1681570	1681590	Ja
1681590	1681690	Ja
1681690	1681770	Ja
1681770	1681770	
1681770	1681810	Ja
1681810	1681810	
1681810	1681810	
1681810	1681810	
1681810	1681850	Ja
1681850	1681850	
1681850	1681930	Ja
1681930	1681930	
1681930	1681930	
1681930	1681930	
1681930	1681970	Ja
1681970	1682010	Ja
1682010	1682010	
1682010	1682010	
1682010	1682010	
1682010	1682010	
1682010	1682010	
1682010	1682010	
1682010	1682010	
1682010	1682010	
1682010	1682010	
1682010	1682010	
1682010	1682090	Ja
1682090	1682090	
1682090	1682090	
1682090	1682090	
1682090	1682170	Ja
1682170	1682170	
1682170	1682170	
1682170	1682170	
1682170	1682170	
1682170	1682170	
1682170	1682170	
1682170	1683030	Ja
1683030	1683030	
1683030	1683230	Ja
1687250	1687610	Ja
1687610	1687630	Ja
1687630	1687650	Ja
1687650	1687970	Ja
1688410	1688770	Ja
1688770	1688850	Ja
1688850	1688910	Ja
1690510	1690870	Ja
1690870	1691010	Ja
1691010	1691350	Ja
1691350	1691410	Ja
1691410	1692010	Ja
1692010	1692030	Ja
1692030	1692250	Ja
1692250	1692690	Ja
1692690	1692810	Ja
1692810	1692810	
1692810	1692970	Ja
1692970	1693070	Ja
1693070	1693090	Ja
1693090	1693210	Ja
1694290	1694650	Ja
1695030	1695390	Ja
1695390	1695550	Ja
1695550	1695850	Ja
1695850	1696210	Ja
1696210	1696370	Ja
1696370	1696410	Ja
1696410	1696610	Ja
1696610	1696610	
1697550	1697910	Ja
1697910	1697990	Ja
1697990	1698110	Ja
1698110	1698110	
1698690	1699050	Ja
1699050	1699250	Ja
1699250	1699270	Ja
1699270	1699270	
1699270	1699350	Ja
1699350	1699350	
1699730	1700090	Ja
1700090	1700090	
1700090	1700250	Ja
1700250	1700270	Ja
1700270	1700270	
1700270	1700710	Ja
1700710	1700870	Ja
1700870	1700870	
1700870	1700910	Ja
1700910	1701410	Ja
1702430	1702790	Ja
1702790	1702790	
1702790	1703170	Ja
1703170	1703170	
1703590	1703950	Ja
1703950	1703950	
1704630	1704990	Ja
1704990	1704990	
1709390	1709750	Ja
1709750	1709750	
1709750	1709750	
1709750	1709750	
1709750	1709990	Ja
1709990	1709990	
1709990	1709990	
1709990	1709990	
1712750	1713110	! Ja
1713110	1713170	! Ja
1713170	1713170	
1713170	1713170	
1713170	1713210	Ja
1713210	1713210	
1698230	1698230	
1713210	1716610	Ja, men du sa jo at de var bestemor i det.
1716610	1720870	Ja, bestemor sa opp den jobben og reiste antakeligvis, eller om hun hadde ferie fra de, det vet jeg ikke.
1721470	1721830	! Ja, ja, ja, ja. Men hun...
1721830	1724350	! Men mens hun jobbet i bitterskalet, det må ha vært det. Ja.
1726050	1726730	! Ja, ja.
1726730	1730370	! Ja, ja.
1730470	1730470	
1731790	1732030	Ja, ja.
1732030	1733130	Ja, ja.
1733130	1735090	Ja, ja.
1735150	1735770	Ja, ja.
1736010	1736470	Ja, ja.
1736470	1736510	Ja, ja.
1736510	1736510	
1736510	1736510	
1736510	1736710	Ja, ja.
1736710	1736710	
1736710	1737590	Ja, ja.
1737630	1737630	
1737630	1737630	
1737630	1737630	
1737630	1737630	
1738070	1738270	Ja, ja.
1741090	1741730	Ja, ja, ja.
1742190	1743010	Ja, ja, ja.
1743010	1744750	De hadde veninner, da. Ja, ja.
1745690	1745950	Ja, ja.
1745950	1746950	Masse veninner. Ja.
1747970	1748130	Ja.
1748130	1753910	Neida, men det var den der etterkrigstiden, hvor alt var lett, og det var rasjonering, og det var...
1753910	1758090	De var sikkert glad for livet de fikk, og...
1758090	1759430	Ja, ja.
1760010	1760370	Så...
1760370	1764230	Du var jo en veldig nøkteren type, da, det er jo helt sikkert. Ja.
1764530	1764730	Ja.
1764930	1767030	Hun drev jo ikke og var gærne, liksom.
1767130	1769590	Nei, jeg ser ikke helt det for meg. Nei.
1769970	1772870	Er det noe annet å si enn hva han Jakob har på med? Ja, klart det.
1773010	1773430	Ja.
1773430	1774930	Han var jo en helt annen type. Ja.
1776150	1776410	Ja.
1776490	1777050	Så...
1777050	1778390	Nei, altså...
1779190	1779770	Så...
1779770	1781010	Var det...
1783190	1784150	Nede der, ja.
1784550	1785070	Og så...
1785070	1786970	Man har jo snakket om Cynthia igjen, da.
1787270	1788690	Som jeg vet jobbet.
1788970	1791310	Og det sier også Chris noe om.
1791650	1791790	Mhm.
1793110	1796710	Med å ta prøver av melk rundt på forskjellige farmer.
1797230	1798650	Cynthia jobbet med deg? Ja.
1798890	1799010	Ja.
1799010	1799030	Ja.
1799530	1803830	Og det var sikkert, ja, sikkert sånn som mattilsynet gjør i dag, ikke sant?
1804330	1805130	Det måtte jo der.
1805450	1805570	Mhm.
1806330	1807170	Og da...
1807730	1809570	Var hun med på de rundene.
1809870	1809970	Mhm.
1811530	1817090	Og så har da Jakob Rebenssen en versjon av når han så hun for første gang.
1817770	1819730	for da kom hun sammen med Cynthia.
1819970	1820130	Mhm.
1820430	1821370	Inn i et fjøs.
1821690	1826810	Hvor han da sto med armen langt oppi i røya på en kul.
1828050	1828170	Ja.
1829570	1830010	Haha.
1831230	1832670	Det var den ene versjonen.
1833330	1835450	Ok, og da sa best noe app, eller?
1835650	1838630	Jeg aner ikke, men det var der de traff hverandre.
1838930	1838970	Ja.
1839230	1840810	Via Cynthia's jobb.
1840930	1841410	Ja, jeg skjønner.
1842830	1843390	Ja.
1843390	1843390	
1843390	1844910	Og da er vi kommet til liksom...
1844910	1846710	Men finnes det en annen versjon da, eller?
1847290	1854410	Han påstår at de møtte hverandre på resorten på Malindi langs kysten, hvor han stupt inn i hjertehuset.
1855270	1855270	
1855270	1856230	Så det var jo bare tull.
1856570	1856690	Ja.
1857450	1857570	Mhm.
1858610	1861750	Men så hadde de bestemåret confirm the facts, liksom?
1862470	1863890	Og bare...
1863890	1865050	Åh, Gud, ja.
1865430	1865910	Mannsjens.
1866250	1867070	Ja, selvfølgelig.
1869030	1869510	Ja.
1870270	1870510	Ja.
1870510	1872350	Så, nei da, så da...
1872890	1879130	I hvert fall det som er litt morsomt da, er at det tok bare 3-4 måneder, så var de gift.
1879470	1879730	Mhm.
1881110	1881310	Ja.
1881550	1887270	Så det var jo sånn bråforelskelse som da endte i ekteskap.
1887510	1888290	Men da...
1888290	1888790	Men...
1888790	1889810	Ja, og når er gift av disse?
1890050	1890510	52.
1890970	1891990	Og du er født i 54?
1892290	1892330	Mhm.
1892330	1892730	Ja.
1894510	1894590	Mhm.
1895450	1895670	Mhm.
1895670	1895990	Og da...
1895990	1896950	Men de gifta...
1898930	1900290	Hvorfor gifta de seg så fort?
1900370	1901550	Var det fordi det var det man gjorde?
1902470	1906530	Eller fordi de bare liksom gjorde de ren forelskelse, eller?
1906830	1907510	Jeg vet jo noe.
1907690	1907950	Nei.
1908370	1909110	Jeg vet jo noe.
1909290	1910930	Men det var jo litt mer...
1912410	1915110	Vanlig å gifte seg på den tiden der, når man liksom fant den.
1915130	1915630	Det var det.
1915790	1915930	Ja.
1916690	1918450	Og så skulle jo egentlig hjem.
1918790	1919030	Ja.
1919450	1920410	Selv om de var gift?
1921090	1921490	Nei.
1921630	1921830	Nei.
1921930	1923190	Men vet du vet, da ble hun der.
1923510	1923850	Ja, ja.
1924070	1924670	Ja, ikke sant.
1924870	1928330	Men han pleide å kalle seg selv for her last chance in Africa.
1930070	1930550	Hvorfor det?
1931430	1937650	Jo, for ellers så måtte hun hjem, så da gifta hun seg med han i stedet, og da bare blåstod han, vet du.
1938030	1938030	
1939230	1939230	
1939230	1939430	jo.
1940890	1941290	Ja.
1941570	1942770	Så det sa han bare på tull.
1942970	1943070	Ja.
1943530	1945870	Hun ble jo litt irritert, når han sa det.
1946210	1946210	
1948210	1948610	Ja.
1948610	1948750	Ja da.
1949310	1951810	De hadde et veldig godt forhold, de to.
1952030	1952110	Ja.
1952110	1952590	Ja, koselig da.
1952590	1952590	
1952710	1952830	Ja.
1952830	1956090	På tross av at han var som han var.
1956530	1958090	De var nok glad i hverandre, ja.
1958250	1958430	Ja.
1958430	1958450	Ja.
1961290	1961690	Ja.
1961690	1961690	
1961690	1967310	Og så forteller hun det at når hun traff ham da, og det da er for en følelse av hvilket liv han egentlig levde,
1968550	1971470	at da kjøpte han seg en ny skjorte hver dag.
1972730	1975850	Altså, når han skulle bytte skjorte, så tok han på seg en ny.
1976410	1977310	Ja, hvorfor det?
1977830	1979350	Nei, for han gadde jo ikke å vaske den.
1980050	1981110	Ja, før han traff ham.
1981550	1981730	Ja.
1982090	1983390	Det var helt sjokkert.
1983450	1984010	Ja, sånn da.
1984390	1985010	Ja, ja, ja.
1985530	1985530	
1986590	1987050	Over han?
1987530	1987650	Ja.
1987650	1987770	Ja.
1988470	1988750	Ja.
1991270	1991550	Ja.
1991550	1996610	Så det antageligvis, som Svein sier, så var det veldig billig å få en ny skjorte der nede.
1996750	1997950	Den ble sydd på et blunk.
1998870	2000390	Mest sannsynlig var det sånn.
2000910	2005370	Men han var jo ikke veldig flink med penger.
2005610	2006310	Nei, nei, nei.
2007270	2011370	Så det, de var en god match der, for hun tok jo over øyeblikkelig.
2011650	2011750	Mm.
2013150	2015110	Så det er det jeg vet.
2015350	2019770	Derfor kom de sammen ut Kenya.
2020110	2023910	Og så kom jeg i desember 1954.
2024310	2024410	Mm.
2024750	2026410	De gifte av er 52, altså du.
2027230	2031650	Og hvor, men når de var sammen som gift, hvor bodde de da?
2032390	2033490	Det vet jeg ikke.
2033830	2034070	Nei.
2035770	2039530	Men de hadde masse kontakt med Oliver og Cynthia.
2040390	2040550	Ja.
2043170	2046170	Og, og også da var, da var jo Chris der.
2046350	2049570	Han var da, skal vi se, syv år når de gifta seg.
2049570	2050090	Ja.
2050470	2052470	Tony var fem.
2053030	2053150	Mm.
2054050	2054090	Mm.
2054510	2057290	Så da ble den relasjonen skapt.
2057550	2057610	Mm.
2060250	2060890	Ja.
2061170	2064750	Så, det var det.
2065190	2065310	Mm.
2067130	2074970	så kan jeg ikke si så mye om, om, fra 1954 og frem til det jeg husker mest ifra.
2074970	2081710	å ha, enn at jeg vet at i 1954 var det fullt Malmø-opprør.
2081710	2082350	Ja.
2083030	2083490	Ja.
2083670	2084310	Ja.
2084310	2084330	Ja.
2084870	2087150	Vi kan bare ta litt pause til nå.
2087310	2087350	Ja.
2087770	2089230	Nå du ikke blir så sliten, da.
2089230	2090610	så, check jeg.
